{"Android SDK Platforms": {"length": 16008, "start": 26}, "AndroidX activity library": {"length": 10695, "start": 16064}, "AndroidX annotation experimental library": {"length": 10691, "start": 26804}, "AndroidX annotation library": {"length": 10695, "start": 37527}, "AndroidX architecture core common library": {"length": 10694, "start": 48268}, "AndroidX architecture core runtime library": {"length": 10694, "start": 59009}, "AndroidX asynclayoutinflater library": {"length": 10694, "start": 69744}, "AndroidX collection library": {"length": 10695, "start": 80470}, "AndroidX compose runtime annotation library": {"length": 10173, "start": 91213}, "AndroidX concurrent futures library": {"length": 10695, "start": 101426}, "AndroidX coordinatorlayout library": {"length": 10695, "start": 112160}, "AndroidX core ktx library": {"length": 10695, "start": 122885}, "AndroidX core library": {"length": 10695, "start": 133606}, "AndroidX core viewtree library": {"length": 10113, "start": 144336}, "AndroidX cursoradapter library": {"length": 10695, "start": 154484}, "AndroidX customview library": {"length": 10695, "start": 165211}, "AndroidX documentfile library": {"length": 10695, "start": 175940}, "AndroidX drawerlayout library": {"length": 10695, "start": 186669}, "AndroidX fragment library": {"length": 10695, "start": 197394}, "AndroidX interpolator library": {"length": 10693, "start": 208123}, "AndroidX legacy coreui library": {"length": 10695, "start": 218851}, "AndroidX legacy coreutils library": {"length": 10695, "start": 229584}, "AndroidX legacy v4 library": {"length": 10695, "start": 240310}, "AndroidX lifecycle common library": {"length": 10694, "start": 251043}, "AndroidX lifecycle livedatacore library": {"length": 10694, "start": 261781}, "AndroidX lifecycle runtime library": {"length": 10694, "start": 272514}, "AndroidX lifecycle viewmodel library": {"length": 10694, "start": 283249}, "AndroidX lifecycle viewmodel savedstate library": {"length": 10693, "start": 293995}, "AndroidX loader library": {"length": 10695, "start": 304716}, "AndroidX localbroadcastmanager library": {"length": 10693, "start": 315454}, "AndroidX media base library": {"length": 10695, "start": 326179}, "AndroidX navigationevent library": {"length": 10693, "start": 336911}, "AndroidX print library": {"length": 10695, "start": 347631}, "AndroidX savedstate library": {"length": 10689, "start": 358358}, "AndroidX swiperefreshlayout library": {"length": 10695, "start": 369087}, "AndroidX tracing library": {"length": 10694, "start": 379811}, "AndroidX versionedparcelable library": {"length": 10695, "start": 390546}, "AndroidX viewpager library": {"length": 10695, "start": 401272}, "Animal Sniffer": {"length": 1096, "start": 411986}, "Checker Framework Annotations": {"length": 1892, "start": 413116}, "Dagger": {"length": 11358, "start": 415019}, "Error Prone": {"length": 11357, "start": 426393}, "Firebase": {"length": 11357, "start": 437763}, "Google Auto": {"length": 11358, "start": 449136}, "Guava JDK5": {"length": 11358, "start": 460509}, "Guava JDK7": {"length": 11362, "start": 471882}, "HighwayHash": {"length": 11359, "start": 483260}, "J2ObjC": {"length": 81008, "start": 494630}, "JSR 250": {"length": 11358, "start": 575650}, "JSR 305": {"length": 1602, "start": 587020}, "JSR 330": {"length": 11365, "start": 588634}, "JSpecify": {"length": 11358, "start": 600012}, "Jakarta Inject": {"length": 11357, "start": 611389}, "JsInterop Annotations": {"length": 11307, "start": 622772}, "Kotlin": {"length": 112095, "start": 634090}, "Kotlin coroutines": {"length": 11357, "start": 746207}, "Protocol Buffers": {"length": 3028, "start": 757585}, "Protocol Buffers for Java": {"length": 1732, "start": 760643}, "SafeParcelable library": {"length": 11358, "start": 762402}, "apksig": {"length": 10695, "start": 773771}, "gsfclient": {"length": 11358, "start": 784480}, "java_annotations": {"length": 9116, "start": 795859}, "kotlin": {"length": 1732, "start": 804986}, "kotlinx_atomicfu": {"length": 11356, "start": 806739}, "kotlinx_serialization": {"length": 11356, "start": 818121}}